place,latitude,longitude,display_name
Aan boord van Z.M. Brik Gier,,,
Aan boord van Z.M. Brik Zwaluw,,,
Alken,50.8820238,5.2990711,"Alken, Tongeren, Limburg, Vlaanderen, 3570, België / Belgique / Belgien"
Alkmaar,52.6008538,4.8170994,"Alkmaar, Noord-Holland, Nederland"
Amersfoort,52.1562499,5.3896944,"Amersfoort, Utrecht, Nederland"
Amsterdam,52.3730796,4.8924534,"Amsterdam, Noord-Holland, Nederland"
Angerort,51.3797174,6.7276815,"Rheinportal Angerort, Straße 131, Hüttenwerke Krupp Mannesmann, Hüttenheim, Duisburg-Süd, Duisburg, Nordrhein-Westfalen, 47259, Deutschland"
Angers,47.4739884,-0.5515588,"Angers, Maine-et-Loire, Pays de la Loire, France métropolitaine, France"
Antwerpen,51.2211097,4.3997081,"Antwerpen, Vlaanderen, België / Belgique / Belgien"
Appingedam,53.3203563,6.8577654,"Appingedam, Eemsdelta, Groningen, Nederland"
Arendsee,52.8808292,11.4922352,"Arendsee (Altmark), Altmarkkreis Salzwedel, Sachsen-Anhalt, 39619, Deutschland"
Arnhem,51.984257,5.9108573,"Arnhem, Gelderland, Nederland"
Aruba,12.5013629,-69.9618475,"Aruba, Nederland"
Assen,52.9952273,6.560498,"Assen, Drenthe, Nederland"
Atrecht,50.291048,2.7772211,"Arras, Pas-de-Calais, Hauts-de-France, France métropolitaine, 62000, France"
Augsburg,48.3690341,10.8979522,"Augsburg, Bayern, Deutschland"
Avonddorp,,,
Baarn,52.2111182,5.2931841,"Baarn, Utrecht, Nederland"
Bad Wimpfen,49.2303439,9.1621599,"Bad Wimpfen, Landkreis Heilbronn, Baden-Württemberg, 74206, Deutschland"
Batavia,-6.1754049,106.827168,"Daerah Khusus Ibukota Jakarta, Jawa, Indonesia"
Bautzen,51.1809132,14.4276003,"Bautzen, Bautzen - Budyšin, Sachsen, 02625, Deutschland"
Bentheim,42.7094722,-85.918922,"Bentheim, Overisel Township, Allegan County, Michigan, United States"
Bergen op Zoom,51.4944756,4.2871541,"Bergen op Zoom, Noord-Brabant, Nederland"
Berlijn,52.5173885,13.3951309,"Berlin, Deutschland"
Bern,46.9484742,7.4521749,"Bern, Verwaltungskreis Bern-Mittelland, Verwaltungsregion Bern-Mittelland, Bern/Berne, Schweiz/Suisse/Svizzera/Svizra"
Bernikow,52.9611291,14.4770043,"Barnkowo, Czartoryja, gmina Chojna, powiat gryfiński, województwo zachodniopomorskie, 74-500, Polska"
Blois,47.5876861,1.3337639,"Blois, Loir-et-Cher, Centre-Val de Loire, France métropolitaine, 41000, France"
Boldekow,53.7221578,13.5945788,"Boldekow, Anklam-Land, Vorpommern-Greifswald, Mecklenburg-Vorpommern, Deutschland"
Bonn,50.7352621,7.1024635,"Bonn, Nordrhein-Westfalen, Deutschland"
Boskoop,52.0742348,4.6631166,"Boskoop, Alphen aan den Rijn, Zuid-Holland, Nederland"
Böttingen,48.1014239,8.8065173,"Böttingen, VVG der Stadt Spaichingen, Landkreis Tuttlingen, Baden-Württemberg, 78583, Deutschland"
Bourges,47.0811658,2.399125,"Bourges, Cher, Centre-Val de Loire, France métropolitaine, 18000, France"
Bovenkarspel,52.6988258,5.2497934,"Bovenkarspel, Stede Broec, Noord-Holland, Nederland"
Breda,51.5887845,4.7760237,"Breda, Noord-Brabant, Nederland"
Brussel,50.8467372,4.352493,"Bruxelles - Brussel, Brussel-Hoofdstad - Bruxelles-Capitale, Région de Bruxelles-Capitale - Brussels Hoofdstedelijk Gewest, België / Belgique / Belgien"
Bunznitz,,,
Busow,51.0278687,18.3544669,"Budzów, gmina Gorzów Śląski, powiat oleski, województwo opolskie, 46-310, Polska"
Chojna,52.9629793,14.4314113,"Chojna, gmina Chojna, powiat gryfiński, województwo zachodniopomorskie, 74-500, Polska"
Curaçao,12.1176488,-68.9309263,"Curaçao, Nederland"
Darmstadt,49.872775,8.651177,"Darmstadt, Hessen, Deutschland"
Delfshaven,51.9081039,4.4483726,"Delfshaven, Rotterdam, Zuid-Holland, Nederland"
Delft,52.0114017,4.35839,"Delft, Zuid-Holland, Nederland"
Demerary,,,
Den Bosch,51.6889387,5.303116,"'s-Hertogenbosch, Noord-Brabant, Nederland"
Den Haag,52.0799838,4.3113461,"Den Haag, Zuid-Holland, Nederland"
Deventer,52.2694897,6.2364886,"Deventer, Overijssel, Nederland"
Dittmannsdorf,49.8942584,18.4605013,"Dětmarovice, okres Karviná, Moravskoslezský kraj, 735 71, Česko"
Dodewaard,51.9140052,5.6569388,"Dodewaard, Neder-Betuwe, Gelderland, Nederland"
Dordrecht,51.814429,4.6692438,"Dordrecht, Zuid-Holland, Nederland"
Douai,50.3675677,3.0804641,"Douai, Nord, Hauts-de-France, France métropolitaine, 59500, France"
Dresden,51.0493286,13.7381437,"Dresden, Sachsen, Deutschland"
Duisburg,51.434999,6.759562,"Duisburg, Nordrhein-Westfalen, Deutschland"
Duitsland,51.1638175,10.4478313,Deutschland
Duivenvoord,,,
Edam,52.5119116,5.0562845,"Edam, Edam-Volendam, Noord-Holland, Nederland"
Ede,52.0716826,5.7455106,"Ede, Gelderland, Nederland"
Enkhuizen,52.7036282,5.2901222,"Enkhuizen, Noord-Holland, Nederland"
Erlangen,49.5891571,10.9812072,"Erlangen, Bayern, Deutschland"
Essequibo,4.3561036,-58.4785509,"Essequibo River, Guyana"
Frankfurt,50.1106444,8.6820917,"Frankfurt am Main, Hessen, Deutschland"
Frankrijk,46.603354,1.8883335,France
Frauenwald,50.5855442,10.859965,"Frauenwald, Ilmenau, Ilm-Kreis, Thüringen, Deutschland"
Fraustadt,51.8038354,16.3172771,"Wschowa, gmina Wschowa, powiat wschowski, województwo lubuskie, 67-400, Polska"
Geertruidenberg,51.6961662,4.8778438,"Geertruidenberg, Noord-Brabant, Nederland"
Gelderen,51.5169736,6.3228189,"Geldern, Kreis Kleve, Nordrhein-Westfalen, 47608, Deutschland"
Genève,46.2017559,6.1466014,"Genève, Schweiz/Suisse/Svizzera/Svizra"
Gent,51.0538286,3.7250121,"Gent, Oost-Vlaanderen, Vlaanderen, België / Belgique / Belgien"
Giessen,50.5862066,8.6742306,"Gießen, Landkreis Gießen, Hessen, Deutschland"
Goes,51.5031033,3.8897596,"Goes, Zeeland, Nederland"
Gorinchem,51.8296133,4.9738743,"Gorinchem, Zuid-Holland, Nederland"
Gotha,50.9494849,10.7014435,"Gotha, Landkreis Gotha, Thüringen, Deutschland"
Gouda,52.0114922,4.7106094,"Gouda, Zuid-Holland, Nederland"
Greiffenberg,53.088725,13.9561927,"Greiffenberg, Angermünde, Uckermark, Brandenburg, Deutschland"
Groeneveld,52.3671163,5.7299736,"Groeneveld, Hulshorst, Nunspeet, Gelderland, Nederland, 8077 RS, Nederland"
Groningen,53.2190652,6.5680077,"Groningen, Nederland"
Grosthuizen,52.6177167,4.9765085,"Grosthuizen, Avenhorn, Koggenland, Noord-Holland, Nederland, 1633 EN, Nederland"
Grunowitz,50.9057322,18.3098698,"Gronowice, gmina Lasowice Wielkie, powiat kluczborski, województwo opolskie, 46-280, Polska"
Guyane,4.0039882,-52.999998,"Guyane, France"
Haarlem,52.3885317,4.6388048,"Haarlem, Noord-Holland, Nederland"
Haastrecht,52.0007892,4.7740369,"Haastrecht, Krimpenerwaard, Zuid-Holland, Nederland"
Harderwijk,52.3490693,5.618933,"Harderwijk, Gelderland, Nederland"
Harenburg,54.5475877,9.3216439,"Harenburg, Treia, Arensharde, Kreis Schleswig-Flensburg, Schleswig-Holstein, 24896, Deutschland"
Harlingen,26.1907543,-97.6960599,"Harlingen, Cameron County, Texas, 78550, United States"
Hasselt,50.9303735,5.3378043,"Hasselt, Limburg, Vlaanderen, België / Belgique / Belgien"
Hellevoetsluis,51.833921,4.1436739,"Hellevoetsluis, Voorne aan Zee, Zuid-Holland, Nederland"
Heyen,52.0084368,9.505117,"Heyen, Samtgemeinde Bodenwerder-Polle, Landkreis Holzminden, Niedersachsen, Deutschland"
Hildburghausen,50.4266232,10.7300115,"Hildburghausen, Landkreis Hildburghausen, Thüringen, 98646, Deutschland"
Hillegom,52.2922753,4.5834571,"Hillegom, Zuid-Holland, Nederland"
Hongarije,47.1817585,19.5060937,Magyarország
Hoofdplaat,51.3692476,3.6610641,"Hoofdplaat, Sluis, Zeeland, Nederland"
Hoogeveen,52.7264258,6.4930815,"Hoogeveen, Drenthe, Nederland"
Höttingen,49.0626249,11.0033972,"Höttingen, Ellingen (VGem), Landkreis Weißenburg-Gunzenhausen, Bayern, 91798, Deutschland"
Houten,52.0271433,5.1620637,"Houten, Utrecht, Nederland"
Indische Oceaan,-9.9999999,69.9999999,المحيط الهندي
İzmir,38.4192537,27.128469,"İzmir, Konak, İzmir, Ege Bölgesi, 35250, Türkiye"
Jamburg,59.3743982,28.5981591,"Кингисепп, Кингисеппский район, Ленинградская область, Северо-Западный федеральный округ, 188480, Россия"
Judenliege,,,
Kaliningrad,54.7046485,20.4565666,"городской округ Калининград, Калининградская область, Северо-Западный федеральный округ, Россия"
Kaub,50.0880512,7.7620909,"Kaub, Loreley, Rhein-Lahn-Kreis, Rheinland-Pfalz, 56349, Deutschland"
Keulen,50.938361,6.959974,"Köln, Nordrhein-Westfalen, Deutschland"
Kleef,51.7895571,6.1376008,"Kleve, Bedburg-Hau, Kreis Kleve, Nordrhein-Westfalen, 47533, Deutschland"
Koningslust,51.3565181,5.9950945,"Koningslust, Peel en Maas, Limburg, Nederland"
Krauschow,52.0759187,15.6294679,"Kruszyna, gmina Sulechów, powiat zielonogórski, województwo lubuskie, 66-100, Polska"
Krefeld,51.3331205,6.5623343,"Krefeld, Nordrhein-Westfalen, Deutschland"
Krummendorf,53.80288,21.27183,"Krzywe, gmina Mrągowo, powiat mrągowski, województwo warmińsko-mazurskie, 11-700, Polska"
La Guaira,10.5802547,-66.8603468,"La Guaira, Venezuela"
Lausanne,46.5218269,6.6327025,"Lausanne, District de Lausanne, Vaud, Schweiz/Suisse/Svizzera/Svizra"
Leer,53.2049511,7.4595298,"Landkreis Leer, Niedersachsen, Deutschland"
Leeuwarden,53.2005936,5.7918548,"Leeuwarden, Fryslân, Nederland"
Legewitz,,,
Leiden,52.1594747,4.4908843,"Leiden, Zuid-Holland, Nederland"
Leiderdorp,52.1570577,4.5433786,"Leiderdorp, Zuid-Holland, Nederland"
Leipzig,51.3406321,12.3747329,"Leipzig, Sachsen, Deutschland"
Leyduin,52.3390974,4.5894749,"Leyduin, Vogelenzang, Bloemendaal, Noord-Holland, Nederland"
Lith,51.8068343,5.4403237,"Lith, Oss, Noord-Brabant, Nederland"
Lochem,52.1715131,6.3436582,"Lochem, Gelderland, Nederland"
Londen,51.5074456,-0.1277653,"Greater London, England, United Kingdom"
Lopik,51.9818527,4.9415393,"Lopik, Utrecht, Nederland"
Maarssen,52.1384846,5.040082,"Maarssen, Stichtse Vecht, Utrecht, Nederland"
Marburg,50.8090106,8.7704695,"Marburg, Landkreis Marburg-Biedenkopf, Hessen, Deutschland"
Medemblik,52.7907137,5.1686228,"Medemblik, Noord-Holland, Nederland"
Memmingen,47.9816221,10.168735,"Memmingen, Bayern, 87700, Deutschland"
Meppel,52.6938237,6.197767,"Meppel, Drenthe, Nederland"
Middelburg,51.4996784,3.6137371,"Middelburg, Zeeland, Nederland"
Middelharnis,51.7576172,4.1656476,"Middelharnis, Goeree-Overflakkee, Zuid-Holland, Nederland"
Middelstum,53.3482129,6.6439511,"Middelstum, Eemsdelta, Groningen, Nederland"
Mijnsheerenland,51.7987352,4.4874953,"Mijnsheerenland, Hoeksche Waard, Zuid-Holland, Nederland"
Mosbach,49.3521085,9.1460205,"Mosbach, VVG der Stadt Mosbach, Neckar-Odenwald-Kreis, Baden-Württemberg, 74821, Deutschland"
München,48.1371079,11.5753822,"München, Bayern, Deutschland"
Münster,51.9625101,7.6251879,"Münster, Nordrhein-Westfalen, Deutschland"
Nederland,52.2434979,5.6343227,Nederland
Neerbosch,51.8390309,5.7980655,"Neerbosch, Neerbosscheweg, Neerbosch-West, Lindenholt, Nijmegen, Gelderland, Nederland, 6545 BW, Nederland"
Neerijnen,51.8312888,5.2793902,"Neerijnen, West Betuwe, Gelderland, Nederland"
Neinbühl,,,
Neuchâtel,46.9895828,6.9292641,"Neuchâtel, Schweiz/Suisse/Svizzera/Svizra"
Neuenburg,46.9895828,6.9292641,"Neuchâtel, Schweiz/Suisse/Svizzera/Svizra"
Neuenstein,49.2049886,9.5813213,"Neuenstein, GVV Hohenloher Ebene, Hohenlohekreis, Baden-Württemberg, 74632, Deutschland"
Neustadt an der Aisch,49.5800045,10.6087584,"Neustadt an der Aisch, Landkreis Neustadt an der Aisch-Bad Windsheim, Bayern, 91413, Deutschland"
Nieuwenhoorn,51.8545745,4.1438594,"Nieuwenhoorn, Hellevoetsluis, Voorne aan Zee, Zuid-Holland, Nederland, 3223 BB, Nederland"
Nijmegen,51.8425749,5.8389606,"Nijmegen, Gelderland, Nederland"
Nuremberg,49.453872,11.077298,"Nürnberg, Bayern, Deutschland"
Öhringen,49.2005034,9.5024397,"Öhringen, VVG der Stadt Öhringen, Hohenlohekreis, Baden-Württemberg, 74613, Deutschland"
Olst,52.3370093,6.110796,"Olst, Olst-Wijhe, Overijssel, Nederland"
onbekend,45.2940359,13.6385355,"Onbekend, Perci, Općina Tar-Vabriga, Istarska županija, 52465, Hrvatska"
Onbekend,45.2940359,13.6385355,"Onbekend, Perci, Općina Tar-Vabriga, Istarska županija, 52465, Hrvatska"
Oosterhout,51.6322376,4.8630424,"Oosterhout, Noord-Brabant, Nederland"
Opperdoes,52.7570423,5.0739904,"Opperdoes, Medemblik, Noord-Holland, Nederland"
Orléans,47.9027336,1.9086066,"Orléans, Loiret, Centre-Val de Loire, France métropolitaine, 45000, France"
Ouderkerk aan den IJssel,51.9344514,4.6358147,"Ouderkerk aan den IJssel, Krimpenerwaard, Zuid-Holland, Nederland"
Overveen,52.3934144,4.6115554,"Overveen, Bloemendaal, Noord-Holland, Nederland"
Paramaribo,5.8241764,-55.1662813,"Centrum, Paramaribo, Suriname"
Parijs,48.8534951,2.3483915,"Paris, Île-de-France, France métropolitaine, France"
Prenzlau,53.3167,13.866575,"Prenzlau, Uckermark, Brandenburg, 17291, Deutschland"
Raamsdonk,51.6872854,4.9072133,"Raamsdonk, Geertruidenberg, Noord-Brabant, Nederland"
Regensburg,49.0195333,12.0974869,"Regensburg, Bayern, Deutschland"
Remagen,50.5792112,7.2286788,"Remagen, Landkreis Ahrweiler, Rheinland-Pfalz, 53424, Deutschland"
Rijswijk,52.0373934,4.3225028,"Rijswijk, Zuid-Holland, Nederland"
Rotterdam,51.9244424,4.47775,"Rotterdam, Zuid-Holland, Nederland"
Santpoort,52.4338437,4.6328181,"Santpoort Noord, Kennemergaardetunneltje, Santpoort-Noord, Velsen, Noord-Holland, Nederland, 2071 LH, Nederland"
Sassenheim,49.5323093,5.9332871,"Sanem, Canton Esch-sur-Alzette, Lëtzebuerg"
Saumur,47.2596224,-0.0785177,"Saumur, Maine-et-Loire, Pays de la Loire, France métropolitaine, 49400, France"
Schaumburg,42.0333608,-88.083406,"Schaumburg, Schaumburg Township, Cook County, Illinois, United States"
Schiedam,51.9300454,4.3864511,"Schiedam, Zuid-Holland, Nederland"
Schierzig,52.4146706,15.7497765,"Siercz, gmina Trzciel, powiat międzyrzecki, województwo lubuskie, 66-320, Polska"
Schleusingen,50.5416758,10.7669624,"Schleusingen, Landkreis Hildburghausen, Thüringen, 98553, Deutschland"
Schönauwen,52.0297414,5.0359694,"Schonauwen, Achtersloot, IJsselstein, Utrecht, Nederland, 3401 HB, Nederland"
Schönermark,53.0067992,13.1227562,"Schönermark, Gransee und Gemeinden, Oberhavel, Brandenburg, Deutschland"
Schwäbisch Hall,49.1124305,9.7371246,"Schwäbisch Hall, VVG der Stadt Schwäbisch Hall, Landkreis Schwäbisch Hall, Baden-Württemberg, 74523, Deutschland"
Semarang,-6.9903988,110.4229104,"Kota Semarang, Jawa Tengah, Jawa, Indonesia"
Sint Petersburg,59.9606739,30.1586551,"Санкт-Петербург, Северо-Западный федеральный округ, Россия"
Sliedrecht,51.8250939,4.7741716,"Sliedrecht, Zuid-Holland, Nederland"
Sommelsdijk,51.7589819,4.1510617,"Sommelsdijk, Goeree-Overflakkee, Zuid-Holland, Nederland"
Steenwijk,52.7895502,6.1210477,"Steenwijk, Steenwijkerland, Overijssel, Nederland"
Stuttgart,48.7784485,9.1800132,"Stuttgart, Baden-Württemberg, Deutschland"
Sulechów,52.0854782,15.6259091,"Sulechów, gmina Sulechów, powiat zielonogórski, województwo lubuskie, 66-100, Polska"
Suriname,4.1413025,-56.0771187,Suriname
Świebodzin,52.2498357,15.5324973,"Świebodzin, gmina Świebodzin, powiat świebodziński, województwo lubuskie, 66-200, Polska"
Thierhaupten,48.5637194,10.910262,"Thierhaupten, Landkreis Augsburg, Bayern, 86672, Deutschland"
Tiel,51.8874333,5.4372681,"Tiel, Gelderland, Nederland"
Trieste,45.6496485,13.7772781,"Trieste, Friuli-Venezia Giulia, 34121-34151, Italia"
Tübingen,48.5203263,9.053596,"Tübingen, Landkreis Tübingen, Baden-Württemberg, Deutschland"
Utrecht,52.0907006,5.1215634,"Utrecht, Nederland"
Velbert,51.3406713,7.0439912,"Velbert, Kreis Mettmann, Nordrhein-Westfalen, Deutschland"
Villeneuve,45.0835468,-0.6280356,"Villeneuve, Blaye, Gironde, Nouvelle-Aquitaine, France métropolitaine, 33710, France"
Vlissingen,51.4480929,3.5697992,"Vlissingen, Zeeland, Nederland"
Voorburg,52.0703201,4.3558561,"Voorburg, Leidschendam-Voorburg, Zuid-Holland, Nederland"
Waardenburg,51.8313424,5.2575135,"Waardenburg, West Betuwe, Gelderland, Nederland"
Wassenaar,52.1428381,4.4010893,"Wassenaar, Zuid-Holland, Nederland"
Weimar,50.9793301,11.3297921,"Weimar, Thüringen, Deutschland"
Westervoort,51.9627099,5.9672548,"Westervoort, Gelderland, Nederland"
Winterswijk,51.9680214,6.7378723,"Winterswijk, Gelderland, Nederland"
Wittenberg,51.8666527,12.646761,"Wittenberg, Sachsen-Anhalt, Deutschland"
Zaandam,52.4424926,4.8298607,"Zaandam, Zaanstad, Noord-Holland, Nederland"
Zeist,52.0892832,5.2276307,"Zeist, Utrecht, Nederland"
Zierikzee,51.6497688,3.9208365,"Zierikzee, Schouwen-Duiveland, Zeeland, Nederland"
 [zonder plaats],51.6298352,2.9222211,Lodewijkbank
zonder plaats,51.6298352,2.9222211,Lodewijkbank
Zonder plaats,51.6298352,2.9222211,Lodewijkbank
Zutphen,52.1396933,6.194772,"Zutphen, Gelderland, Nederland"
Zwolle,52.5145653,6.0977204,"Zwolle, Overijssel, Nederland"
